{"cameraMode":{"drawMode":0,"name":"Shaded","section":"Shading Mode"},"sceneLighting":true,"audioPlay":false,"sceneViewState":{"m_AlwaysRefresh":true,"showFog":true,"showSkybox":true,"showFlares":true,"showImageEffects":true,"showParticleSystems":true,"showVisualEffectGraphs":true,"m_FxEnabled":true},"in2DMode":false,"pivot":{"x":56.037296295166019,"y":14.851532936096192,"z":-38.4256591796875},"rotation":{"x":0.003842748701572418,"y":-0.9967736005783081,"z":0.06167776137590408,"w":0.05846746638417244},"size":12.12435531616211,"orthographic":false}